State,Gender,Type,Total,Year
Jammu & Kashmir,Female,Below primary,325196.0,2001
Jammu & Kashmir,Female,Graduate & above,17848.0,2001
Jammu & Kashmir,Female,Higher secondary/Intermediate/Pre-University/Senior secondary,54381.0,2001
Jammu & Kashmir,Female,Literate without educational level,3436.0,2001
Jammu & Kashmir,Female,Matric/Secondary,96939.0,2001
Jammu & Kashmir,Female,Middle,162104.0,2001
Jammu & Kashmir,Female,Non-technical diploma or certificate not equal to degree,44.0,2001
Jammu & Kashmir,Female,Primary,258158.0,2001
Jammu & Kashmir,Female,Technical diploma or certificate not equal to degree,324.0,2001
Jammu & Kashmir,Female,Unclassified,87.0,2001
Jammu & Kashmir,Female,Illiterate,147458.0,2001
Jammu & Kashmir,Female,Literate,918517.0,2001
Jammu & Kashmir,Female,Population attending educational institutions,1065975.0,2001
Jammu & Kashmir,Female,Total population,4782774.0,2001
Jammu & Kashmir,Male,Below primary,416556.0,2001
Jammu & Kashmir,Male,Graduate & above,30645.0,2001
Jammu & Kashmir,Male,Higher secondary/Intermediate/Pre-University/Senior secondary,80613.0,2001
Jammu & Kashmir,Male,Literate without educational level,6543.0,2001
Jammu & Kashmir,Male,Matric/Secondary,136760.0,2001
Jammu & Kashmir,Male,Middle,221811.0,2001
Jammu & Kashmir,Male,Non-technical diploma or certificate not equal to degree,140.0,2001
Jammu & Kashmir,Male,Primary,342464.0,2001
Jammu & Kashmir,Male,Technical diploma or certificate not equal to degree,821.0,2001
Jammu & Kashmir,Male,Unclassified,122.0,2001
Jammu & Kashmir,Male,Illiterate,160993.0,2001
Jammu & Kashmir,Male,Literate,1236475.0,2001
Jammu & Kashmir,Male,Population attending educational institutions,1397468.0,2001
Jammu & Kashmir,Male,Total population,5360926.0,2001
Jammu & Kashmir,Total,Below primary,741752.0,2001
Jammu & Kashmir,Total,Graduate & above,48493.0,2001
Jammu & Kashmir,Total,Higher secondary/Intermediate/Pre-University/Senior secondary,134994.0,2001
Jammu & Kashmir,Total,Literate without educational level,9979.0,2001
Jammu & Kashmir,Total,Matric/Secondary,233699.0,2001
Jammu & Kashmir,Total,Middle,383915.0,2001
Jammu & Kashmir,Total,Non-technical diploma or certificate not equal to degree,184.0,2001
Jammu & Kashmir,Total,Primary,600622.0,2001
Jammu & Kashmir,Total,Technical diploma or certificate not equal to degree,1145.0,2001
Jammu & Kashmir,Total,Unclassified,209.0,2001
Jammu & Kashmir,Total,Illiterate,308451.0,2001
Jammu & Kashmir,Total,Literate,2154992.0,2001
Jammu & Kashmir,Total,Population attending educational institutions,2463443.0,2001
Jammu & Kashmir,Total,Total population,10143700.0,2001
Himachal Pradesh,Female,Below primary,273075.0,2001
Himachal Pradesh,Female,Graduate & above,12343.0,2001
Himachal Pradesh,Female,Higher secondary/Intermediate/Pre-University/Senior secondary,47824.0,2001
Himachal Pradesh,Female,Literate without educational level,1769.0,2001
Himachal Pradesh,Female,Matric/Secondary,78308.0,2001
Himachal Pradesh,Female,Middle,118315.0,2001
Himachal Pradesh,Female,Non-technical diploma or certificate not equal to degree,156.0,2001
Himachal Pradesh,Female,Primary,203446.0,2001
Himachal Pradesh,Female,Technical diploma or certificate not equal to degree,657.0,2001
Himachal Pradesh,Female,Unclassified,79.0,2001
Himachal Pradesh,Female,Illiterate,60293.0,2001
Himachal Pradesh,Female,Literate,735972.0,2001
Himachal Pradesh,Female,Population attending educational institutions,796265.0,2001
Himachal Pradesh,Female,Total population,2989960.0,2001
Himachal Pradesh,Male,Below primary,299096.0,2001
Himachal Pradesh,Male,Graduate & above,18815.0,2001
Himachal Pradesh,Male,Higher secondary/Intermediate/Pre-University/Senior secondary,62139.0,2001
Himachal Pradesh,Male,Literate without educational level,1874.0,2001
Himachal Pradesh,Male,Matric/Secondary,99962.0,2001
Himachal Pradesh,Male,Middle,136693.0,2001
Himachal Pradesh,Male,Non-technical diploma or certificate not equal to degree,144.0,2001
Himachal Pradesh,Male,Primary,226202.0,2001
Himachal Pradesh,Male,Technical diploma or certificate not equal to degree,1660.0,2001
Himachal Pradesh,Male,Unclassified,95.0,2001
Himachal Pradesh,Male,Illiterate,65070.0,2001
Himachal Pradesh,Male,Literate,846680.0,2001
Himachal Pradesh,Male,Population attending educational institutions,911750.0,2001
Himachal Pradesh,Male,Total population,3087940.0,2001
Himachal Pradesh,Total,Below primary,572171.0,2001
Himachal Pradesh,Total,Graduate & above,31158.0,2001
Himachal Pradesh,Total,Higher secondary/Intermediate/Pre-University/Senior secondary,109963.0,2001
Himachal Pradesh,Total,Literate without educational level,3643.0,2001
Himachal Pradesh,Total,Matric/Secondary,178270.0,2001
Himachal Pradesh,Total,Middle,255008.0,2001
Himachal Pradesh,Total,Non-technical diploma or certificate not equal to degree,300.0,2001
Himachal Pradesh,Total,Primary,429648.0,2001
Himachal Pradesh,Total,Technical diploma or certificate not equal to degree,2317.0,2001
Himachal Pradesh,Total,Unclassified,174.0,2001
Himachal Pradesh,Total,Illiterate,125363.0,2001
Himachal Pradesh,Total,Literate,1582652.0,2001
Himachal Pradesh,Total,Population attending educational institutions,1708015.0,2001
Himachal Pradesh,Total,Total population,6077900.0,2001
Punjab,Female,Below primary,948176.0,2001
Punjab,Female,Graduate & above,43513.0,2001
Punjab,Female,Higher secondary/Intermediate/Pre-University/Senior secondary,154441.0,2001
Punjab,Female,Literate without educational level,4462.0,2001
Punjab,Female,Matric/Secondary,231525.0,2001
Punjab,Female,Middle,337254.0,2001
Punjab,Female,Non-technical diploma or certificate not equal to degree,504.0,2001
Punjab,Female,Primary,619979.0,2001
Punjab,Female,Technical diploma or certificate not equal to degree,4538.0,2001
Punjab,Female,Unclassified,449.0,2001
Punjab,Female,Illiterate,274274.0,2001
Punjab,Female,Literate,2344841.0,2001
Punjab,Female,Population attending educational institutions,2619115.0,2001
Punjab,Female,Total population,11373954.0,2001
Punjab,Male,Below primary,1211022.0,2001
Punjab,Male,Graduate & above,40377.0,2001
Punjab,Male,Higher secondary/Intermediate/Pre-University/Senior secondary,155283.0,2001
Punjab,Male,Literate without educational level,5302.0,2001
Punjab,Male,Matric/Secondary,267359.0,2001
Punjab,Male,Middle,416407.0,2001
Punjab,Male,Non-technical diploma or certificate not equal to degree,875.0,2001
Punjab,Male,Primary,750385.0,2001
Punjab,Male,Technical diploma or certificate not equal to degree,9613.0,2001
Punjab,Male,Unclassified,482.0,2001
Punjab,Male,Illiterate,334998.0,2001
Punjab,Male,Literate,2857105.0,2001
Punjab,Male,Population attending educational institutions,3192103.0,2001
Punjab,Male,Total population,12985045.0,2001
Punjab,Total,Below primary,2159198.0,2001
Punjab,Total,Graduate & above,83890.0,2001
Punjab,Total,Higher secondary/Intermediate/Pre-University/Senior secondary,309724.0,2001
Punjab,Total,Literate without educational level,9764.0,2001
Punjab,Total,Matric/Secondary,498884.0,2001
Punjab,Total,Middle,753661.0,2001
Punjab,Total,Non-technical diploma or certificate not equal to degree,1379.0,2001
Punjab,Total,Primary,1370364.0,2001
Punjab,Total,Technical diploma or certificate not equal to degree,14151.0,2001
Punjab,Total,Unclassified,931.0,2001
Punjab,Total,Illiterate,609272.0,2001
Punjab,Total,Literate,5201946.0,2001
Punjab,Total,Population attending educational institutions,5811218.0,2001
Punjab,Total,Total population,24358999.0,2001
Chandigarh,Female,Below primary,31395.0,2001
Chandigarh,Female,Graduate & above,6418.0,2001
Chandigarh,Female,Higher secondary/Intermediate/Pre-University/Senior secondary,12790.0,2001
Chandigarh,Female,Literate without educational level,139.0,2001
Chandigarh,Female,Matric/Secondary,11368.0,2001
Chandigarh,Female,Middle,13284.0,2001
Chandigarh,Female,Non-technical diploma or certificate not equal to degree,60.0,2001
Chandigarh,Female,Primary,21554.0,2001
Chandigarh,Female,Technical diploma or certificate not equal to degree,364.0,2001
Chandigarh,Female,Unclassified,56.0,2001
Chandigarh,Female,Illiterate,13418.0,2001
Chandigarh,Female,Literate,97428.0,2001
Chandigarh,Female,Population attending educational institutions,110846.0,2001
Chandigarh,Female,Total population,393697.0,2001
Chandigarh,Male,Below primary,39909.0,2001
Chandigarh,Male,Graduate & above,7591.0,2001
Chandigarh,Male,Higher secondary/Intermediate/Pre-University/Senior secondary,14667.0,2001
Chandigarh,Male,Literate without educational level,194.0,2001
Chandigarh,Male,Matric/Secondary,13789.0,2001
Chandigarh,Male,Middle,16330.0,2001
Chandigarh,Male,Non-technical diploma or certificate not equal to degree,38.0,2001
Chandigarh,Male,Primary,26473.0,2001
Chandigarh,Male,Technical diploma or certificate not equal to degree,917.0,2001
Chandigarh,Male,Unclassified,61.0,2001
Chandigarh,Male,Illiterate,16150.0,2001
Chandigarh,Male,Literate,119969.0,2001
Chandigarh,Male,Population attending educational institutions,136119.0,2001
Chandigarh,Male,Total population,506938.0,2001
Chandigarh,Total,Below primary,71304.0,2001
Chandigarh,Total,Graduate & above,14009.0,2001
Chandigarh,Total,Higher secondary/Intermediate/Pre-University/Senior secondary,27457.0,2001
Chandigarh,Total,Literate without educational level,333.0,2001
Chandigarh,Total,Matric/Secondary,25157.0,2001
Chandigarh,Total,Middle,29614.0,2001
Chandigarh,Total,Non-technical diploma or certificate not equal to degree,98.0,2001
Chandigarh,Total,Primary,48027.0,2001
Chandigarh,Total,Technical diploma or certificate not equal to degree,1281.0,2001
Chandigarh,Total,Unclassified,117.0,2001
Chandigarh,Total,Illiterate,29568.0,2001
Chandigarh,Total,Literate,217397.0,2001
Chandigarh,Total,Population attending educational institutions,246965.0,2001
Chandigarh,Total,Total population,900635.0,2001
Uttarakhand,Female,Below primary,412837.0,2001
Uttarakhand,Female,Graduate & above,23901.0,2001
Uttarakhand,Female,Higher secondary/Intermediate/Pre-University/Senior secondary,60912.0,2001
Uttarakhand,Female,Literate without educational level,4511.0,2001
Uttarakhand,Female,Matric/Secondary,84522.0,2001
Uttarakhand,Female,Middle,140678.0,2001
Uttarakhand,Female,Non-technical diploma or certificate not equal to degree,52.0,2001
Uttarakhand,Female,Primary,251599.0,2001
Uttarakhand,Female,Technical diploma or certificate not equal to degree,441.0,2001
Uttarakhand,Female,Unclassified,339.0,2001
Uttarakhand,Female,Illiterate,120951.0,2001
Uttarakhand,Female,Literate,979792.0,2001
Uttarakhand,Female,Population attending educational institutions,1100743.0,2001
Uttarakhand,Female,Total population,4163425.0,2001
Uttarakhand,Male,Below primary,461716.0,2001
Uttarakhand,Male,Graduate & above,37439.0,2001
Uttarakhand,Male,Higher secondary/Intermediate/Pre-University/Senior secondary,73466.0,2001
Uttarakhand,Male,Literate without educational level,4630.0,2001
Uttarakhand,Male,Matric/Secondary,115569.0,2001
Uttarakhand,Male,Middle,210837.0,2001
Uttarakhand,Male,Non-technical diploma or certificate not equal to degree,170.0,2001
Uttarakhand,Male,Primary,301353.0,2001
Uttarakhand,Male,Technical diploma or certificate not equal to degree,2609.0,2001
Uttarakhand,Male,Unclassified,368.0,2001
Uttarakhand,Male,Illiterate,126711.0,2001
Uttarakhand,Male,Literate,1208157.0,2001
Uttarakhand,Male,Population attending educational institutions,1334868.0,2001
Uttarakhand,Male,Total population,4325924.0,2001
Uttarakhand,Total,Below primary,874553.0,2001
Uttarakhand,Total,Graduate & above,61340.0,2001
Uttarakhand,Total,Higher secondary/Intermediate/Pre-University/Senior secondary,134378.0,2001
Uttarakhand,Total,Literate without educational level,9141.0,2001
Uttarakhand,Total,Matric/Secondary,200091.0,2001
Uttarakhand,Total,Middle,351515.0,2001
Uttarakhand,Total,Non-technical diploma or certificate not equal to degree,222.0,2001
Uttarakhand,Total,Primary,552952.0,2001
Uttarakhand,Total,Technical diploma or certificate not equal to degree,3050.0,2001
Uttarakhand,Total,Unclassified,707.0,2001
Uttarakhand,Total,Illiterate,247662.0,2001
Uttarakhand,Total,Literate,2187949.0,2001
Uttarakhand,Total,Population attending educational institutions,2435611.0,2001
Uttarakhand,Total,Total population,8489349.0,2001
Haryana,Female,Below primary,931579.0,2001
Haryana,Female,Graduate & above,30931.0,2001
Haryana,Female,Higher secondary/Intermediate/Pre-University/Senior secondary,109594.0,2001
Haryana,Female,Literate without educational level,4368.0,2001
Haryana,Female,Matric/Secondary,185892.0,2001
Haryana,Female,Middle,273866.0,2001
Haryana,Female,Non-technical diploma or certificate not equal to degree,761.0,2001
Haryana,Female,Primary,539770.0,2001
Haryana,Female,Technical diploma or certificate not equal to degree,1909.0,2001
Haryana,Female,Unclassified,153.0,2001
Haryana,Female,Illiterate,213857.0,2001
Haryana,Female,Literate,2078823.0,2001
Haryana,Female,Population attending educational institutions,2292680.0,2001
Haryana,Female,Total population,9780611.0,2001
Haryana,Male,Below primary,1194610.0,2001
Haryana,Male,Graduate & above,53971.0,2001
Haryana,Male,Higher secondary/Intermediate/Pre-University/Senior secondary,181422.0,2001
Haryana,Male,Literate without educational level,6118.0,2001
Haryana,Male,Matric/Secondary,311728.0,2001
Haryana,Male,Middle,403015.0,2001
Haryana,Male,Non-technical diploma or certificate not equal to degree,839.0,2001
Haryana,Male,Primary,724852.0,2001
Haryana,Male,Technical diploma or certificate not equal to degree,8420.0,2001
Haryana,Male,Unclassified,257.0,2001
Haryana,Male,Illiterate,260104.0,2001
Haryana,Male,Literate,2885232.0,2001
Haryana,Male,Population attending educational institutions,3145336.0,2001
Haryana,Male,Total population,11363953.0,2001
Haryana,Total,Below primary,2126189.0,2001
Haryana,Total,Graduate & above,84902.0,2001
Haryana,Total,Higher secondary/Intermediate/Pre-University/Senior secondary,291016.0,2001
Haryana,Total,Literate without educational level,10486.0,2001
Haryana,Total,Matric/Secondary,497620.0,2001
Haryana,Total,Middle,676881.0,2001
Haryana,Total,Non-technical diploma or certificate not equal to degree,1600.0,2001
Haryana,Total,Primary,1264622.0,2001
Haryana,Total,Technical diploma or certificate not equal to degree,10329.0,2001
Haryana,Total,Unclassified,410.0,2001
Haryana,Total,Illiterate,473961.0,2001
Haryana,Total,Literate,4964055.0,2001
Haryana,Total,Population attending educational institutions,5438016.0,2001
Haryana,Total,Total population,21144564.0,2001
Delhi (Ut),Female,Below primary,547768.0,2001
Delhi (Ut),Female,Graduate & above,51911.0,2001
Delhi (Ut),Female,Higher secondary/Intermediate/Pre-University/Senior secondary,122029.0,2001
Delhi (Ut),Female,Literate without educational level,2078.0,2001
Delhi (Ut),Female,Matric/Secondary,154843.0,2001
Delhi (Ut),Female,Middle,212869.0,2001
Delhi (Ut),Female,Non-technical diploma or certificate not equal to degree,284.0,2001
Delhi (Ut),Female,Primary,379878.0,2001
Delhi (Ut),Female,Technical diploma or certificate not equal to degree,1630.0,2001
Delhi (Ut),Female,Unclassified,211.0,2001
Delhi (Ut),Female,Illiterate,179834.0,2001
Delhi (Ut),Female,Literate,1473501.0,2001
Delhi (Ut),Female,Population attending educational institutions,1653335.0,2001
Delhi (Ut),Female,Total population,6243273.0,2001
Delhi (Ut),Male,Below primary,659295.0,2001
Delhi (Ut),Male,Graduate & above,82543.0,2001
Delhi (Ut),Male,Higher secondary/Intermediate/Pre-University/Senior secondary,144786.0,2001
Delhi (Ut),Male,Literate without educational level,4525.0,2001
Delhi (Ut),Male,Matric/Secondary,187214.0,2001
Delhi (Ut),Male,Middle,259249.0,2001
Delhi (Ut),Male,Non-technical diploma or certificate not equal to degree,567.0,2001
Delhi (Ut),Male,Primary,450407.0,2001
Delhi (Ut),Male,Technical diploma or certificate not equal to degree,4031.0,2001
Delhi (Ut),Male,Unclassified,462.0,2001
Delhi (Ut),Male,Illiterate,206997.0,2001
Delhi (Ut),Male,Literate,1793079.0,2001
Delhi (Ut),Male,Population attending educational institutions,2000076.0,2001
Delhi (Ut),Male,Total population,7607234.0,2001
Delhi (Ut),Total,Below primary,1207063.0,2001
Delhi (Ut),Total,Graduate & above,134454.0,2001
Delhi (Ut),Total,Higher secondary/Intermediate/Pre-University/Senior secondary,266815.0,2001
Delhi (Ut),Total,Literate without educational level,6603.0,2001
Delhi (Ut),Total,Matric/Secondary,342057.0,2001
Delhi (Ut),Total,Middle,472118.0,2001
Delhi (Ut),Total,Non-technical diploma or certificate not equal to degree,851.0,2001
Delhi (Ut),Total,Primary,830285.0,2001
Delhi (Ut),Total,Technical diploma or certificate not equal to degree,5661.0,2001
Delhi (Ut),Total,Unclassified,673.0,2001
Delhi (Ut),Total,Illiterate,386831.0,2001
Delhi (Ut),Total,Literate,3266580.0,2001
Delhi (Ut),Total,Population attending educational institutions,3653411.0,2001
Delhi (Ut),Total,Total population,13850507.0,2001
Rajasthan,Female,Below primary,2455941.0,2001
Rajasthan,Female,Graduate & above,44682.0,2001
Rajasthan,Female,Higher secondary/Intermediate/Pre-University/Senior secondary,127557.0,2001
Rajasthan,Female,Literate without educational level,239603.0,2001
Rajasthan,Female,Matric/Secondary,218128.0,2001
Rajasthan,Female,Middle,375372.0,2001
Rajasthan,Female,Non-technical diploma or certificate not equal to degree,236.0,2001
Rajasthan,Female,Primary,923740.0,2001
Rajasthan,Female,Technical diploma or certificate not equal to degree,1311.0,2001
Rajasthan,Female,Unclassified,0.0,2001
Rajasthan,Female,Illiterate,870416.0,2001
Rajasthan,Female,Literate,4386570.0,2001
Rajasthan,Female,Population attending educational institutions,5256986.0,2001
Rajasthan,Female,Total population,27087177.0,2001
Rajasthan,Male,Below primary,3429215.0,2001
Rajasthan,Male,Graduate & above,130895.0,2001
Rajasthan,Male,Higher secondary/Intermediate/Pre-University/Senior secondary,313787.0,2001
Rajasthan,Male,Literate without educational level,111012.0,2001
Rajasthan,Male,Matric/Secondary,497849.0,2001
Rajasthan,Male,Middle,868245.0,2001
Rajasthan,Male,Non-technical diploma or certificate not equal to degree,688.0,2001
Rajasthan,Male,Primary,1770520.0,2001
Rajasthan,Male,Technical diploma or certificate not equal to degree,3950.0,2001
Rajasthan,Male,Unclassified,4.0,2001
Rajasthan,Male,Illiterate,974626.0,2001
Rajasthan,Male,Literate,7126165.0,2001
Rajasthan,Male,Population attending educational institutions,8100791.0,2001
Rajasthan,Male,Total population,29420011.0,2001
Rajasthan,Total,Below primary,5885156.0,2001
Rajasthan,Total,Graduate & above,175577.0,2001
Rajasthan,Total,Higher secondary/Intermediate/Pre-University/Senior secondary,441344.0,2001
Rajasthan,Total,Literate without educational level,350615.0,2001
Rajasthan,Total,Matric/Secondary,715977.0,2001
Rajasthan,Total,Middle,1243617.0,2001
Rajasthan,Total,Non-technical diploma or certificate not equal to degree,924.0,2001
Rajasthan,Total,Primary,2694260.0,2001
Rajasthan,Total,Technical diploma or certificate not equal to degree,5261.0,2001
Rajasthan,Total,Unclassified,4.0,2001
Rajasthan,Total,Illiterate,1845042.0,2001
Rajasthan,Total,Literate,11512735.0,2001
Rajasthan,Total,Population attending educational institutions,13357777.0,2001
Rajasthan,Total,Total population,56507188.0,2001
Uttar Pradesh,Female,Below primary,6485676.0,2001
Uttar Pradesh,Female,Graduate & above,200763.0,2001
Uttar Pradesh,Female,Higher secondary/Intermediate/Pre-University/Senior secondary,564637.0,2001
Uttar Pradesh,Female,Literate without educational level,106157.0,2001
Uttar Pradesh,Female,Matric/Secondary,894204.0,2001
Uttar Pradesh,Female,Middle,1542772.0,2001
Uttar Pradesh,Female,Non-technical diploma or certificate not equal to degree,717.0,2001
Uttar Pradesh,Female,Primary,3186375.0,2001
Uttar Pradesh,Female,Technical diploma or certificate not equal to degree,2307.0,2001
Uttar Pradesh,Female,Unclassified,2956.0,2001
Uttar Pradesh,Female,Illiterate,2038515.0,2001
Uttar Pradesh,Female,Literate,12986564.0,2001
Uttar Pradesh,Female,Population attending educational institutions,15025079.0,2001
Uttar Pradesh,Female,Total population,78632552.0,2001
Uttar Pradesh,Male,Below primary,8606244.0,2001
Uttar Pradesh,Male,Graduate & above,562886.0,2001
Uttar Pradesh,Male,Higher secondary/Intermediate/Pre-University/Senior secondary,1036153.0,2001
Uttar Pradesh,Male,Literate without educational level,148819.0,2001
Uttar Pradesh,Male,Matric/Secondary,1735958.0,2001
Uttar Pradesh,Male,Middle,2898790.0,2001
Uttar Pradesh,Male,Non-technical diploma or certificate not equal to degree,4310.0,2001
Uttar Pradesh,Male,Primary,4853921.0,2001
Uttar Pradesh,Male,Technical diploma or certificate not equal to degree,13689.0,2001
Uttar Pradesh,Male,Unclassified,6448.0,2001
Uttar Pradesh,Male,Illiterate,2279408.0,2001
Uttar Pradesh,Male,Literate,19867218.0,2001
Uttar Pradesh,Male,Population attending educational institutions,22146626.0,2001
Uttar Pradesh,Male,Total population,87565369.0,2001
Uttar Pradesh,Total,Below primary,15091920.0,2001
Uttar Pradesh,Total,Graduate & above,763649.0,2001
Uttar Pradesh,Total,Higher secondary/Intermediate/Pre-University/Senior secondary,1600790.0,2001
Uttar Pradesh,Total,Literate without educational level,254976.0,2001
Uttar Pradesh,Total,Matric/Secondary,2630162.0,2001
Uttar Pradesh,Total,Middle,4441562.0,2001
Uttar Pradesh,Total,Non-technical diploma or certificate not equal to degree,5027.0,2001
Uttar Pradesh,Total,Primary,8040296.0,2001
Uttar Pradesh,Total,Technical diploma or certificate not equal to degree,15996.0,2001
Uttar Pradesh,Total,Unclassified,9404.0,2001
Uttar Pradesh,Total,Illiterate,4317923.0,2001
Uttar Pradesh,Total,Literate,32853782.0,2001
Uttar Pradesh,Total,Population attending educational institutions,37171705.0,2001
Uttar Pradesh,Total,Total population,166197921.0,2001
Bihar,Female,Below primary,2273024.0,2001
Bihar,Female,Graduate & above,41144.0,2001
Bihar,Female,Higher secondary/Intermediate/Pre-University/Senior secondary,144644.0,2001
Bihar,Female,Literate without educational level,57110.0,2001
Bihar,Female,Matric/Secondary,274725.0,2001
Bihar,Female,Middle,556408.0,2001
Bihar,Female,Non-technical diploma or certificate not equal to degree,626.0,2001
Bihar,Female,Primary,1160662.0,2001
Bihar,Female,Technical diploma or certificate not equal to degree,1040.0,2001
Bihar,Female,Unclassified,1603.0,2001
Bihar,Female,Illiterate,648359.0,2001
Bihar,Female,Literate,4510986.0,2001
Bihar,Female,Population attending educational institutions,5159345.0,2001
Bihar,Female,Total population,39754714.0,2001
Bihar,Male,Below primary,3339380.0,2001
Bihar,Male,Graduate & above,200932.0,2001
Bihar,Male,Higher secondary/Intermediate/Pre-University/Senior secondary,470376.0,2001
Bihar,Male,Literate without educational level,99009.0,2001
Bihar,Male,Matric/Secondary,656971.0,2001
Bihar,Male,Middle,1096583.0,2001
Bihar,Male,Non-technical diploma or certificate not equal to degree,3769.0,2001
Bihar,Male,Primary,1913727.0,2001
Bihar,Male,Technical diploma or certificate not equal to degree,6213.0,2001
Bihar,Male,Unclassified,3552.0,2001
Bihar,Male,Illiterate,778926.0,2001
Bihar,Male,Literate,7790512.0,2001
Bihar,Male,Population attending educational institutions,8569438.0,2001
Bihar,Male,Total population,43243795.0,2001
Bihar,Total,Below primary,5612404.0,2001
Bihar,Total,Graduate & above,242076.0,2001
Bihar,Total,Higher secondary/Intermediate/Pre-University/Senior secondary,615020.0,2001
Bihar,Total,Literate without educational level,156119.0,2001
Bihar,Total,Matric/Secondary,931696.0,2001
Bihar,Total,Middle,1652991.0,2001
Bihar,Total,Non-technical diploma or certificate not equal to degree,4395.0,2001
Bihar,Total,Primary,3074389.0,2001
Bihar,Total,Technical diploma or certificate not equal to degree,7253.0,2001
Bihar,Total,Unclassified,5155.0,2001
Bihar,Total,Illiterate,1427285.0,2001
Bihar,Total,Literate,12301498.0,2001
Bihar,Total,Population attending educational institutions,13728783.0,2001
Bihar,Total,Total population,82998509.0,2001
Sikkim,Female,Below primary,29116.0,2001
Sikkim,Female,Graduate & above,542.0,2001
Sikkim,Female,Higher secondary/Intermediate/Pre-University/Senior secondary,2187.0,2001
Sikkim,Female,Literate without educational level,107.0,2001
Sikkim,Female,Matric/Secondary,3969.0,2001
Sikkim,Female,Middle,8376.0,2001
Sikkim,Female,Non-technical diploma or certificate not equal to degree,0.0,2001
Sikkim,Female,Primary,17359.0,2001
Sikkim,Female,Technical diploma or certificate not equal to degree,10.0,2001
Sikkim,Female,Unclassified,0.0,2001
Sikkim,Female,Illiterate,14009.0,2001
Sikkim,Female,Literate,61666.0,2001
Sikkim,Female,Population attending educational institutions,75675.0,2001
Sikkim,Female,Total population,252367.0,2001
Sikkim,Male,Below primary,31909.0,2001
Sikkim,Male,Graduate & above,848.0,2001
Sikkim,Male,Higher secondary/Intermediate/Pre-University/Senior secondary,2760.0,2001
Sikkim,Male,Literate without educational level,815.0,2001
Sikkim,Male,Matric/Secondary,4138.0,2001
Sikkim,Male,Middle,8288.0,2001
Sikkim,Male,Non-technical diploma or certificate not equal to degree,9.0,2001
Sikkim,Male,Primary,17242.0,2001
Sikkim,Male,Technical diploma or certificate not equal to degree,36.0,2001
Sikkim,Male,Unclassified,78.0,2001
Sikkim,Male,Illiterate,14314.0,2001
Sikkim,Male,Literate,66123.0,2001
Sikkim,Male,Population attending educational institutions,80437.0,2001
Sikkim,Male,Total population,288484.0,2001
Sikkim,Total,Below primary,61025.0,2001
Sikkim,Total,Graduate & above,1390.0,2001
Sikkim,Total,Higher secondary/Intermediate/Pre-University/Senior secondary,4947.0,2001
Sikkim,Total,Literate without educational level,922.0,2001
Sikkim,Total,Matric/Secondary,8107.0,2001
Sikkim,Total,Middle,16664.0,2001
Sikkim,Total,Non-technical diploma or certificate not equal to degree,9.0,2001
Sikkim,Total,Primary,34601.0,2001
Sikkim,Total,Technical diploma or certificate not equal to degree,46.0,2001
Sikkim,Total,Unclassified,78.0,2001
Sikkim,Total,Illiterate,28323.0,2001
Sikkim,Total,Literate,127789.0,2001
Sikkim,Total,Population attending educational institutions,156112.0,2001
Sikkim,Total,Total population,540851.0,2001
Arunachal Pradesh,Female,Below primary,44823.0,2001
Arunachal Pradesh,Female,Graduate & above,626.0,2001
Arunachal Pradesh,Female,Higher secondary/Intermediate/Pre-University/Senior secondary,3087.0,2001
Arunachal Pradesh,Female,Literate without educational level,225.0,2001
Arunachal Pradesh,Female,Matric/Secondary,6857.0,2001
Arunachal Pradesh,Female,Middle,12774.0,2001
Arunachal Pradesh,Female,Non-technical diploma or certificate not equal to degree,2.0,2001
Arunachal Pradesh,Female,Primary,26230.0,2001
Arunachal Pradesh,Female,Technical diploma or certificate not equal to degree,76.0,2001
Arunachal Pradesh,Female,Unclassified,1.0,2001
Arunachal Pradesh,Female,Illiterate,18866.0,2001
Arunachal Pradesh,Female,Literate,94701.0,2001
Arunachal Pradesh,Female,Population attending educational institutions,113567.0,2001
Arunachal Pradesh,Female,Total population,518027.0,2001
Arunachal Pradesh,Male,Below primary,54455.0,2001
Arunachal Pradesh,Male,Graduate & above,2030.0,2001
Arunachal Pradesh,Male,Higher secondary/Intermediate/Pre-University/Senior secondary,5553.0,2001
Arunachal Pradesh,Male,Literate without educational level,409.0,2001
Arunachal Pradesh,Male,Matric/Secondary,10106.0,2001
Arunachal Pradesh,Male,Middle,16831.0,2001
Arunachal Pradesh,Male,Non-technical diploma or certificate not equal to degree,14.0,2001
Arunachal Pradesh,Male,Primary,31390.0,2001
Arunachal Pradesh,Male,Technical diploma or certificate not equal to degree,177.0,2001
Arunachal Pradesh,Male,Unclassified,3.0,2001
Arunachal Pradesh,Male,Illiterate,21399.0,2001
Arunachal Pradesh,Male,Literate,120968.0,2001
Arunachal Pradesh,Male,Population attending educational institutions,142367.0,2001
Arunachal Pradesh,Male,Total population,579941.0,2001
Arunachal Pradesh,Total,Below primary,99278.0,2001
Arunachal Pradesh,Total,Graduate & above,2656.0,2001
Arunachal Pradesh,Total,Higher secondary/Intermediate/Pre-University/Senior secondary,8640.0,2001
Arunachal Pradesh,Total,Literate without educational level,634.0,2001
Arunachal Pradesh,Total,Matric/Secondary,16963.0,2001
Arunachal Pradesh,Total,Middle,29605.0,2001
Arunachal Pradesh,Total,Non-technical diploma or certificate not equal to degree,16.0,2001
Arunachal Pradesh,Total,Primary,57620.0,2001
Arunachal Pradesh,Total,Technical diploma or certificate not equal to degree,253.0,2001
Arunachal Pradesh,Total,Unclassified,4.0,2001
Arunachal Pradesh,Total,Illiterate,40265.0,2001
Arunachal Pradesh,Total,Literate,215669.0,2001
Arunachal Pradesh,Total,Population attending educational institutions,255934.0,2001
Arunachal Pradesh,Total,Total population,1097968.0,2001
Nagaland,Female,Below primary,76324.0,2001
Nagaland,Female,Graduate & above,6416.0,2001
Nagaland,Female,Higher secondary/Intermediate/Pre-University/Senior secondary,19992.0,2001
Nagaland,Female,Literate without educational level,793.0,2001
Nagaland,Female,Matric/Secondary,31551.0,2001
Nagaland,Female,Middle,50091.0,2001
Nagaland,Female,Non-technical diploma or certificate not equal to degree,37.0,2001
Nagaland,Female,Primary,74596.0,2001
Nagaland,Female,Technical diploma or certificate not equal to degree,47.0,2001
Nagaland,Female,Unclassified,57.0,2001
Nagaland,Female,Illiterate,41335.0,2001
Nagaland,Female,Literate,259904.0,2001
Nagaland,Female,Population attending educational institutions,301239.0,2001
Nagaland,Female,Total population,942895.0,2001
Nagaland,Male,Below primary,87333.0,2001
Nagaland,Male,Graduate & above,10596.0,2001
Nagaland,Male,Higher secondary/Intermediate/Pre-University/Senior secondary,27261.0,2001
Nagaland,Male,Literate without educational level,950.0,2001
Nagaland,Male,Matric/Secondary,38415.0,2001
Nagaland,Male,Middle,57990.0,2001
Nagaland,Male,Non-technical diploma or certificate not equal to degree,51.0,2001
Nagaland,Male,Primary,84045.0,2001
Nagaland,Male,Technical diploma or certificate not equal to degree,211.0,2001
Nagaland,Male,Unclassified,69.0,2001
Nagaland,Male,Illiterate,43244.0,2001
Nagaland,Male,Literate,306921.0,2001
Nagaland,Male,Population attending educational institutions,350165.0,2001
Nagaland,Male,Total population,1047141.0,2001
Nagaland,Total,Below primary,163657.0,2001
Nagaland,Total,Graduate & above,17012.0,2001
Nagaland,Total,Higher secondary/Intermediate/Pre-University/Senior secondary,47253.0,2001
Nagaland,Total,Literate without educational level,1743.0,2001
Nagaland,Total,Matric/Secondary,69966.0,2001
Nagaland,Total,Middle,108081.0,2001
Nagaland,Total,Non-technical diploma or certificate not equal to degree,88.0,2001
Nagaland,Total,Primary,158641.0,2001
Nagaland,Total,Technical diploma or certificate not equal to degree,258.0,2001
Nagaland,Total,Unclassified,126.0,2001
Nagaland,Total,Illiterate,84579.0,2001
Nagaland,Total,Literate,566825.0,2001
Nagaland,Total,Population attending educational institutions,651404.0,2001
Nagaland,Total,Total population,1990036.0,2001
Manipur,Female,Below primary,72624.0,2001
Manipur,Female,Graduate & above,10335.0,2001
Manipur,Female,Higher secondary/Intermediate/Pre-University/Senior secondary,28240.0,2001
Manipur,Female,Literate without educational level,597.0,2001
Manipur,Female,Matric/Secondary,37618.0,2001
Manipur,Female,Middle,59696.0,2001
Manipur,Female,Non-technical diploma or certificate not equal to degree,9.0,2001
Manipur,Female,Primary,67838.0,2001
Manipur,Female,Technical diploma or certificate not equal to degree,153.0,2001
Manipur,Female,Unclassified,64.0,2001
Manipur,Female,Illiterate,59324.0,2001
Manipur,Female,Literate,277174.0,2001
Manipur,Female,Population attending educational institutions,336498.0,2001
Manipur,Female,Total population,1071154.0,2001
Manipur,Male,Below primary,80477.0,2001
Manipur,Male,Graduate & above,16260.0,2001
Manipur,Male,Higher secondary/Intermediate/Pre-University/Senior secondary,34331.0,2001
Manipur,Male,Literate without educational level,895.0,2001
Manipur,Male,Matric/Secondary,43289.0,2001
Manipur,Male,Middle,66684.0,2001
Manipur,Male,Non-technical diploma or certificate not equal to degree,29.0,2001
Manipur,Male,Primary,75161.0,2001
Manipur,Male,Technical diploma or certificate not equal to degree,313.0,2001
Manipur,Male,Unclassified,81.0,2001
Manipur,Male,Illiterate,60744.0,2001
Manipur,Male,Literate,317520.0,2001
Manipur,Male,Population attending educational institutions,378264.0,2001
Manipur,Male,Total population,1095634.0,2001
Manipur,Total,Below primary,153101.0,2001
Manipur,Total,Graduate & above,26595.0,2001
Manipur,Total,Higher secondary/Intermediate/Pre-University/Senior secondary,62571.0,2001
Manipur,Total,Literate without educational level,1492.0,2001
Manipur,Total,Matric/Secondary,80907.0,2001
Manipur,Total,Middle,126380.0,2001
Manipur,Total,Non-technical diploma or certificate not equal to degree,38.0,2001
Manipur,Total,Primary,142999.0,2001
Manipur,Total,Technical diploma or certificate not equal to degree,466.0,2001
Manipur,Total,Unclassified,145.0,2001
Manipur,Total,Illiterate,120068.0,2001
Manipur,Total,Literate,594694.0,2001
Manipur,Total,Population attending educational institutions,714762.0,2001
Manipur,Total,Total population,2166788.0,2001
Mizoram,Female,Below primary,46615.0,2001
Mizoram,Female,Graduate & above,1429.0,2001
Mizoram,Female,Higher secondary/Intermediate/Pre-University/Senior secondary,4174.0,2001
Mizoram,Female,Literate without educational level,221.0,2001
Mizoram,Female,Matric/Secondary,8185.0,2001
Mizoram,Female,Middle,16202.0,2001
Mizoram,Female,Non-technical diploma or certificate not equal to degree,2.0,2001
Mizoram,Female,Primary,27067.0,2001
Mizoram,Female,Technical diploma or certificate not equal to degree,38.0,2001
Mizoram,Female,Unclassified,1.0,2001
Mizoram,Female,Illiterate,12301.0,2001
Mizoram,Female,Literate,103934.0,2001
Mizoram,Female,Population attending educational institutions,116235.0,2001
Mizoram,Female,Total population,429464.0,2001
Mizoram,Male,Below primary,51920.0,2001
Mizoram,Male,Graduate & above,2423.0,2001
Mizoram,Male,Higher secondary/Intermediate/Pre-University/Senior secondary,5131.0,2001
Mizoram,Male,Literate without educational level,207.0,2001
Mizoram,Male,Matric/Secondary,8480.0,2001
Mizoram,Male,Middle,15609.0,2001
Mizoram,Male,Non-technical diploma or certificate not equal to degree,1.0,2001
Mizoram,Male,Primary,28153.0,2001
Mizoram,Male,Technical diploma or certificate not equal to degree,116.0,2001
Mizoram,Male,Unclassified,7.0,2001
Mizoram,Male,Illiterate,13032.0,2001
Mizoram,Male,Literate,112047.0,2001
Mizoram,Male,Population attending educational institutions,125079.0,2001
Mizoram,Male,Total population,459109.0,2001
Mizoram,Total,Below primary,98535.0,2001
Mizoram,Total,Graduate & above,3852.0,2001
Mizoram,Total,Higher secondary/Intermediate/Pre-University/Senior secondary,9305.0,2001
Mizoram,Total,Literate without educational level,428.0,2001
Mizoram,Total,Matric/Secondary,16665.0,2001
Mizoram,Total,Middle,31811.0,2001
Mizoram,Total,Non-technical diploma or certificate not equal to degree,3.0,2001
Mizoram,Total,Primary,55220.0,2001
Mizoram,Total,Technical diploma or certificate not equal to degree,154.0,2001
Mizoram,Total,Unclassified,8.0,2001
Mizoram,Total,Illiterate,25333.0,2001
Mizoram,Total,Literate,215981.0,2001
Mizoram,Total,Population attending educational institutions,241314.0,2001
Mizoram,Total,Total population,888573.0,2001
Tripura,Female,Below primary,152460.0,2001
Tripura,Female,Graduate & above,1891.0,2001
Tripura,Female,Higher secondary/Intermediate/Pre-University/Senior secondary,6304.0,2001
Tripura,Female,Literate without educational level,1549.0,2001
Tripura,Female,Matric/Secondary,19367.0,2001
Tripura,Female,Middle,52534.0,2001
Tripura,Female,Non-technical diploma or certificate not equal to degree,4.0,2001
Tripura,Female,Primary,103569.0,2001
Tripura,Female,Technical diploma or certificate not equal to degree,49.0,2001
Tripura,Female,Unclassified,3.0,2001
Tripura,Female,Illiterate,36178.0,2001
Tripura,Female,Literate,337730.0,2001
Tripura,Female,Population attending educational institutions,373908.0,2001
Tripura,Female,Total population,1556978.0,2001
Tripura,Male,Below primary,170053.0,2001
Tripura,Male,Graduate & above,3860.0,2001
Tripura,Male,Higher secondary/Intermediate/Pre-University/Senior secondary,10044.0,2001
Tripura,Male,Literate without educational level,1670.0,2001
Tripura,Male,Matric/Secondary,26864.0,2001
Tripura,Male,Middle,62958.0,2001
Tripura,Male,Non-technical diploma or certificate not equal to degree,18.0,2001
Tripura,Male,Primary,119630.0,2001
Tripura,Male,Technical diploma or certificate not equal to degree,324.0,2001
Tripura,Male,Unclassified,13.0,2001
Tripura,Male,Illiterate,35799.0,2001
Tripura,Male,Literate,395434.0,2001
Tripura,Male,Population attending educational institutions,431233.0,2001
Tripura,Male,Total population,1642225.0,2001
Tripura,Total,Below primary,322513.0,2001
Tripura,Total,Graduate & above,5751.0,2001
Tripura,Total,Higher secondary/Intermediate/Pre-University/Senior secondary,16348.0,2001
Tripura,Total,Literate without educational level,3219.0,2001
Tripura,Total,Matric/Secondary,46231.0,2001
Tripura,Total,Middle,115492.0,2001
Tripura,Total,Non-technical diploma or certificate not equal to degree,22.0,2001
Tripura,Total,Primary,223199.0,2001
Tripura,Total,Technical diploma or certificate not equal to degree,373.0,2001
Tripura,Total,Unclassified,16.0,2001
Tripura,Total,Illiterate,71977.0,2001
Tripura,Total,Literate,733164.0,2001
Tripura,Total,Population attending educational institutions,805141.0,2001
Tripura,Total,Total population,3199203.0,2001
Meghalaya,Female,Below primary,113807.0,2001
Meghalaya,Female,Graduate & above,4267.0,2001
Meghalaya,Female,Higher secondary/Intermediate/Pre-University/Senior secondary,10672.0,2001
Meghalaya,Female,Literate without educational level,711.0,2001
Meghalaya,Female,Matric/Secondary,21079.0,2001
Meghalaya,Female,Middle,33019.0,2001
Meghalaya,Female,Non-technical diploma or certificate not equal to degree,2.0,2001
Meghalaya,Female,Primary,59594.0,2001
Meghalaya,Female,Technical diploma or certificate not equal to degree,57.0,2001
Meghalaya,Female,Unclassified,29.0,2001
Meghalaya,Female,Illiterate,46259.0,2001
Meghalaya,Female,Literate,243237.0,2001
Meghalaya,Female,Population attending educational institutions,289496.0,2001
Meghalaya,Female,Total population,1142735.0,2001
Meghalaya,Male,Below primary,117201.0,2001
Meghalaya,Male,Graduate & above,5182.0,2001
Meghalaya,Male,Higher secondary/Intermediate/Pre-University/Senior secondary,12339.0,2001
Meghalaya,Male,Literate without educational level,861.0,2001
Meghalaya,Male,Matric/Secondary,22234.0,2001
Meghalaya,Male,Middle,30817.0,2001
Meghalaya,Male,Non-technical diploma or certificate not equal to degree,15.0,2001
Meghalaya,Male,Primary,56527.0,2001
Meghalaya,Male,Technical diploma or certificate not equal to degree,136.0,2001
Meghalaya,Male,Unclassified,43.0,2001
Meghalaya,Male,Illiterate,46624.0,2001
Meghalaya,Male,Literate,245355.0,2001
Meghalaya,Male,Population attending educational institutions,291979.0,2001
Meghalaya,Male,Total population,1176087.0,2001
Meghalaya,Total,Below primary,231008.0,2001
Meghalaya,Total,Graduate & above,9449.0,2001
Meghalaya,Total,Higher secondary/Intermediate/Pre-University/Senior secondary,23011.0,2001
Meghalaya,Total,Literate without educational level,1572.0,2001
Meghalaya,Total,Matric/Secondary,43313.0,2001
Meghalaya,Total,Middle,63836.0,2001
Meghalaya,Total,Non-technical diploma or certificate not equal to degree,17.0,2001
Meghalaya,Total,Primary,116121.0,2001
Meghalaya,Total,Technical diploma or certificate not equal to degree,193.0,2001
Meghalaya,Total,Unclassified,72.0,2001
Meghalaya,Total,Illiterate,92883.0,2001
Meghalaya,Total,Literate,488592.0,2001
Meghalaya,Total,Population attending educational institutions,581475.0,2001
Meghalaya,Total,Total population,2318822.0,2001
Assam,Female,Below primary,944834.0,2001
Assam,Female,Graduate & above,27550.0,2001
Assam,Female,Higher secondary/Intermediate/Pre-University/Senior secondary,102874.0,2001
Assam,Female,Literate without educational level,4287.0,2001
Assam,Female,Matric/Secondary,271326.0,2001
Assam,Female,Middle,429840.0,2001
Assam,Female,Non-technical diploma or certificate not equal to degree,24.0,2001
Assam,Female,Primary,616721.0,2001
Assam,Female,Technical diploma or certificate not equal to degree,500.0,2001
Assam,Female,Unclassified,531.0,2001
Assam,Female,Illiterate,347261.0,2001
Assam,Female,Literate,2398487.0,2001
Assam,Female,Population attending educational institutions,2745748.0,2001
Assam,Female,Total population,12878491.0,2001
Assam,Male,Below primary,1077695.0,2001
Assam,Male,Graduate & above,47279.0,2001
Assam,Male,Higher secondary/Intermediate/Pre-University/Senior secondary,160364.0,2001
Assam,Male,Literate without educational level,8619.0,2001
Assam,Male,Matric/Secondary,340854.0,2001
Assam,Male,Middle,471392.0,2001
Assam,Male,Non-technical diploma or certificate not equal to degree,136.0,2001
Assam,Male,Primary,706654.0,2001
Assam,Male,Technical diploma or certificate not equal to degree,2114.0,2001
Assam,Male,Unclassified,852.0,2001
Assam,Male,Illiterate,359502.0,2001
Assam,Male,Literate,2815959.0,2001
Assam,Male,Population attending educational institutions,3175461.0,2001
Assam,Male,Total population,13777037.0,2001
Assam,Total,Below primary,2022529.0,2001
Assam,Total,Graduate & above,74829.0,2001
Assam,Total,Higher secondary/Intermediate/Pre-University/Senior secondary,263238.0,2001
Assam,Total,Literate without educational level,12906.0,2001
Assam,Total,Matric/Secondary,612180.0,2001
Assam,Total,Middle,901232.0,2001
Assam,Total,Non-technical diploma or certificate not equal to degree,160.0,2001
Assam,Total,Primary,1323375.0,2001
Assam,Total,Technical diploma or certificate not equal to degree,2614.0,2001
Assam,Total,Unclassified,1383.0,2001
Assam,Total,Illiterate,706763.0,2001
Assam,Total,Literate,5214446.0,2001
Assam,Total,Population attending educational institutions,5921209.0,2001
Assam,Total,Total population,26655528.0,2001
West Bengal,Female,Below primary,3529953.0,2001
West Bengal,Female,Graduate & above,79557.0,2001
West Bengal,Female,Higher secondary/Intermediate/Pre-University/Senior secondary,221233.0,2001
West Bengal,Female,Literate without educational level,45594.0,2001
West Bengal,Female,Matric/Secondary,390550.0,2001
West Bengal,Female,Middle,769908.0,2001
West Bengal,Female,Non-technical diploma or certificate not equal to degree,132.0,2001
West Bengal,Female,Primary,1771791.0,2001
West Bengal,Female,Technical diploma or certificate not equal to degree,1443.0,2001
West Bengal,Female,Unclassified,1238.0,2001
West Bengal,Female,Illiterate,919554.0,2001
West Bengal,Female,Literate,6811399.0,2001
West Bengal,Female,Population attending educational institutions,7730953.0,2001
West Bengal,Female,Total population,38710212.0,2001
West Bengal,Male,Below primary,3871835.0,2001
West Bengal,Male,Graduate & above,166951.0,2001
West Bengal,Male,Higher secondary/Intermediate/Pre-University/Senior secondary,394867.0,2001
West Bengal,Male,Literate without educational level,61222.0,2001
West Bengal,Male,Matric/Secondary,594306.0,2001
West Bengal,Male,Middle,993346.0,2001
West Bengal,Male,Non-technical diploma or certificate not equal to degree,506.0,2001
West Bengal,Male,Primary,2053409.0,2001
West Bengal,Male,Technical diploma or certificate not equal to degree,8208.0,2001
West Bengal,Male,Unclassified,3262.0,2001
West Bengal,Male,Illiterate,901337.0,2001
West Bengal,Male,Literate,8147912.0,2001
West Bengal,Male,Population attending educational institutions,9049249.0,2001
West Bengal,Male,Total population,41465985.0,2001
West Bengal,Total,Below primary,7401788.0,2001
West Bengal,Total,Graduate & above,246508.0,2001
West Bengal,Total,Higher secondary/Intermediate/Pre-University/Senior secondary,616100.0,2001
West Bengal,Total,Literate without educational level,106816.0,2001
West Bengal,Total,Matric/Secondary,984856.0,2001
West Bengal,Total,Middle,1763254.0,2001
West Bengal,Total,Non-technical diploma or certificate not equal to degree,638.0,2001
West Bengal,Total,Primary,3825200.0,2001
West Bengal,Total,Technical diploma or certificate not equal to degree,9651.0,2001
West Bengal,Total,Unclassified,4500.0,2001
West Bengal,Total,Illiterate,1820891.0,2001
West Bengal,Total,Literate,14959311.0,2001
West Bengal,Total,Population attending educational institutions,16780202.0,2001
West Bengal,Total,Total population,80176197.0,2001
Jharkhand,Female,Below primary,902867.0,2001
Jharkhand,Female,Graduate & above,27204.0,2001
Jharkhand,Female,Higher secondary/Intermediate/Pre-University/Senior secondary,86573.0,2001
Jharkhand,Female,Literate without educational level,13428.0,2001
Jharkhand,Female,Matric/Secondary,137052.0,2001
Jharkhand,Female,Middle,260092.0,2001
Jharkhand,Female,Non-technical diploma or certificate not equal to degree,174.0,2001
Jharkhand,Female,Primary,473335.0,2001
Jharkhand,Female,Technical diploma or certificate not equal to degree,269.0,2001
Jharkhand,Female,Unclassified,215.0,2001
Jharkhand,Female,Illiterate,282848.0,2001
Jharkhand,Female,Literate,1901209.0,2001
Jharkhand,Female,Population attending educational institutions,2184057.0,2001
Jharkhand,Female,Total population,13060792.0,2001
Jharkhand,Male,Below primary,1200207.0,2001
Jharkhand,Male,Graduate & above,74469.0,2001
Jharkhand,Male,Higher secondary/Intermediate/Pre-University/Senior secondary,182787.0,2001
Jharkhand,Male,Literate without educational level,17400.0,2001
Jharkhand,Male,Matric/Secondary,257192.0,2001
Jharkhand,Male,Middle,435663.0,2001
Jharkhand,Male,Non-technical diploma or certificate not equal to degree,1060.0,2001
Jharkhand,Male,Primary,706508.0,2001
Jharkhand,Male,Technical diploma or certificate not equal to degree,2412.0,2001
Jharkhand,Male,Unclassified,273.0,2001
Jharkhand,Male,Illiterate,323651.0,2001
Jharkhand,Male,Literate,2877971.0,2001
Jharkhand,Male,Population attending educational institutions,3201622.0,2001
Jharkhand,Male,Total population,13885037.0,2001
Jharkhand,Total,Below primary,2103074.0,2001
Jharkhand,Total,Graduate & above,101673.0,2001
Jharkhand,Total,Higher secondary/Intermediate/Pre-University/Senior secondary,269360.0,2001
Jharkhand,Total,Literate without educational level,30828.0,2001
Jharkhand,Total,Matric/Secondary,394244.0,2001
Jharkhand,Total,Middle,695755.0,2001
Jharkhand,Total,Non-technical diploma or certificate not equal to degree,1234.0,2001
Jharkhand,Total,Primary,1179843.0,2001
Jharkhand,Total,Technical diploma or certificate not equal to degree,2681.0,2001
Jharkhand,Total,Unclassified,488.0,2001
Jharkhand,Total,Illiterate,606499.0,2001
Jharkhand,Total,Literate,4779180.0,2001
Jharkhand,Total,Population attending educational institutions,5385679.0,2001
Jharkhand,Total,Total population,26945829.0,2001
Orissa,Female,Below primary,1164699.0,2001
Orissa,Female,Graduate & above,34699.0,2001
Orissa,Female,Higher secondary/Intermediate/Pre-University/Senior secondary,138164.0,2001
Orissa,Female,Literate without educational level,10117.0,2001
Orissa,Female,Matric/Secondary,220641.0,2001
Orissa,Female,Middle,414730.0,2001
Orissa,Female,Non-technical diploma or certificate not equal to degree,291.0,2001
Orissa,Female,Primary,777664.0,2001
Orissa,Female,Technical diploma or certificate not equal to degree,2248.0,2001
Orissa,Female,Unclassified,0.0,2001
Orissa,Female,Illiterate,496512.0,2001
Orissa,Female,Literate,2763253.0,2001
Orissa,Female,Population attending educational institutions,3259765.0,2001
Orissa,Female,Total population,18144090.0,2001
Orissa,Male,Below primary,1379406.0,2001
Orissa,Male,Graduate & above,90121.0,2001
Orissa,Male,Higher secondary/Intermediate/Pre-University/Senior secondary,250035.0,2001
Orissa,Male,Literate without educational level,16557.0,2001
Orissa,Male,Matric/Secondary,319854.0,2001
Orissa,Male,Middle,540480.0,2001
Orissa,Male,Non-technical diploma or certificate not equal to degree,1644.0,2001
Orissa,Male,Primary,965163.0,2001
Orissa,Male,Technical diploma or certificate not equal to degree,13488.0,2001
Orissa,Male,Unclassified,5.0,2001
Orissa,Male,Illiterate,520970.0,2001
Orissa,Male,Literate,3576753.0,2001
Orissa,Male,Population attending educational institutions,4097723.0,2001
Orissa,Male,Total population,18660570.0,2001
Orissa,Total,Below primary,2544105.0,2001
Orissa,Total,Graduate & above,124820.0,2001
Orissa,Total,Higher secondary/Intermediate/Pre-University/Senior secondary,388199.0,2001
Orissa,Total,Literate without educational level,26674.0,2001
Orissa,Total,Matric/Secondary,540495.0,2001
Orissa,Total,Middle,955210.0,2001
Orissa,Total,Non-technical diploma or certificate not equal to degree,1935.0,2001
Orissa,Total,Primary,1742827.0,2001
Orissa,Total,Technical diploma or certificate not equal to degree,15736.0,2001
Orissa,Total,Unclassified,5.0,2001
Orissa,Total,Illiterate,1017482.0,2001
Orissa,Total,Literate,6340006.0,2001
Orissa,Total,Population attending educational institutions,7357488.0,2001
Orissa,Total,Total population,36804660.0,2001
Chhattisgarh,Female,Below primary,954510.0,2001
Chhattisgarh,Female,Graduate & above,18660.0,2001
Chhattisgarh,Female,Higher secondary/Intermediate/Pre-University/Senior secondary,54189.0,2001
Chhattisgarh,Female,Literate without educational level,27912.0,2001
Chhattisgarh,Female,Matric/Secondary,86166.0,2001
Chhattisgarh,Female,Middle,163680.0,2001
Chhattisgarh,Female,Non-technical diploma or certificate not equal to degree,209.0,2001
Chhattisgarh,Female,Primary,467364.0,2001
Chhattisgarh,Female,Technical diploma or certificate not equal to degree,1065.0,2001
Chhattisgarh,Female,Unclassified,68.0,2001
Chhattisgarh,Female,Illiterate,251032.0,2001
Chhattisgarh,Female,Literate,1773823.0,2001
Chhattisgarh,Female,Population attending educational institutions,2024855.0,2001
Chhattisgarh,Female,Total population,10359585.0,2001
Chhattisgarh,Male,Below primary,1082985.0,2001
Chhattisgarh,Male,Graduate & above,46610.0,2001
Chhattisgarh,Male,Higher secondary/Intermediate/Pre-University/Senior secondary,106976.0,2001
Chhattisgarh,Male,Literate without educational level,25830.0,2001
Chhattisgarh,Male,Matric/Secondary,154409.0,2001
Chhattisgarh,Male,Middle,273130.0,2001
Chhattisgarh,Male,Non-technical diploma or certificate not equal to degree,363.0,2001
Chhattisgarh,Male,Primary,629714.0,2001
Chhattisgarh,Male,Technical diploma or certificate not equal to degree,4823.0,2001
Chhattisgarh,Male,Unclassified,135.0,2001
Chhattisgarh,Male,Illiterate,256747.0,2001
Chhattisgarh,Male,Literate,2324975.0,2001
Chhattisgarh,Male,Population attending educational institutions,2581722.0,2001
Chhattisgarh,Male,Total population,10474218.0,2001
Chhattisgarh,Total,Below primary,2037495.0,2001
Chhattisgarh,Total,Graduate & above,65270.0,2001
Chhattisgarh,Total,Higher secondary/Intermediate/Pre-University/Senior secondary,161165.0,2001
Chhattisgarh,Total,Literate without educational level,53742.0,2001
Chhattisgarh,Total,Matric/Secondary,240575.0,2001
Chhattisgarh,Total,Middle,436810.0,2001
Chhattisgarh,Total,Non-technical diploma or certificate not equal to degree,572.0,2001
Chhattisgarh,Total,Primary,1097078.0,2001
Chhattisgarh,Total,Technical diploma or certificate not equal to degree,5888.0,2001
Chhattisgarh,Total,Unclassified,203.0,2001
Chhattisgarh,Total,Illiterate,507779.0,2001
Chhattisgarh,Total,Literate,4098798.0,2001
Chhattisgarh,Total,Population attending educational institutions,4606577.0,2001
Chhattisgarh,Total,Total population,20833803.0,2001
Madhya Pradesh,Female,Below primary,2723884.0,2001
Madhya Pradesh,Female,Graduate & above,61396.0,2001
Madhya Pradesh,Female,Higher secondary/Intermediate/Pre-University/Senior secondary,175315.0,2001
Madhya Pradesh,Female,Literate without educational level,129109.0,2001
Madhya Pradesh,Female,Matric/Secondary,273054.0,2001
Madhya Pradesh,Female,Middle,479095.0,2001
Madhya Pradesh,Female,Non-technical diploma or certificate not equal to degree,300.0,2001
Madhya Pradesh,Female,Primary,1208241.0,2001
Madhya Pradesh,Female,Technical diploma or certificate not equal to degree,2180.0,2001
Madhya Pradesh,Female,Unclassified,931.0,2001
Madhya Pradesh,Female,Illiterate,720947.0,2001
Madhya Pradesh,Female,Literate,5053505.0,2001
Madhya Pradesh,Female,Population attending educational institutions,5774452.0,2001
Madhya Pradesh,Female,Total population,28904371.0,2001
Madhya Pradesh,Male,Below primary,3329726.0,2001
Madhya Pradesh,Male,Graduate & above,144781.0,2001
Madhya Pradesh,Male,Higher secondary/Intermediate/Pre-University/Senior secondary,344518.0,2001
Madhya Pradesh,Male,Literate without educational level,95105.0,2001
Madhya Pradesh,Male,Matric/Secondary,513095.0,2001
Madhya Pradesh,Male,Middle,892927.0,2001
Madhya Pradesh,Male,Non-technical diploma or certificate not equal to degree,624.0,2001
Madhya Pradesh,Male,Primary,1891712.0,2001
Madhya Pradesh,Male,Technical diploma or certificate not equal to degree,8426.0,2001
Madhya Pradesh,Male,Unclassified,1326.0,2001
Madhya Pradesh,Male,Illiterate,753357.0,2001
Madhya Pradesh,Male,Literate,7222240.0,2001
Madhya Pradesh,Male,Population attending educational institutions,7975597.0,2001
Madhya Pradesh,Male,Total population,31443652.0,2001
Madhya Pradesh,Total,Below primary,6053610.0,2001
Madhya Pradesh,Total,Graduate & above,206177.0,2001
Madhya Pradesh,Total,Higher secondary/Intermediate/Pre-University/Senior secondary,519833.0,2001
Madhya Pradesh,Total,Literate without educational level,224214.0,2001
Madhya Pradesh,Total,Matric/Secondary,786149.0,2001
Madhya Pradesh,Total,Middle,1372022.0,2001
Madhya Pradesh,Total,Non-technical diploma or certificate not equal to degree,924.0,2001
Madhya Pradesh,Total,Primary,3099953.0,2001
Madhya Pradesh,Total,Technical diploma or certificate not equal to degree,10606.0,2001
Madhya Pradesh,Total,Unclassified,2257.0,2001
Madhya Pradesh,Total,Illiterate,1474304.0,2001
Madhya Pradesh,Total,Literate,12275745.0,2001
Madhya Pradesh,Total,Population attending educational institutions,13750049.0,2001
Madhya Pradesh,Total,Total population,60348023.0,2001
Gujarat,Female,Below primary,1808775.0,2001
Gujarat,Female,Graduate & above,57063.0,2001
Gujarat,Female,Higher secondary/Intermediate/Pre-University/Senior secondary,204055.0,2001
Gujarat,Female,Literate without educational level,4613.0,2001
Gujarat,Female,Matric/Secondary,361620.0,2001
Gujarat,Female,Middle,524529.0,2001
Gujarat,Female,Non-technical diploma or certificate not equal to degree,791.0,2001
Gujarat,Female,Primary,1069068.0,2001
Gujarat,Female,Technical diploma or certificate not equal to degree,12064.0,2001
Gujarat,Female,Unclassified,644.0,2001
Gujarat,Female,Illiterate,486350.0,2001
Gujarat,Female,Literate,4043222.0,2001
Gujarat,Female,Population attending educational institutions,4529572.0,2001
Gujarat,Female,Total population,24285440.0,2001
Gujarat,Male,Below primary,2244549.0,2001
Gujarat,Male,Graduate & above,105116.0,2001
Gujarat,Male,Higher secondary/Intermediate/Pre-University/Senior secondary,286959.0,2001
Gujarat,Male,Literate without educational level,8118.0,2001
Gujarat,Male,Matric/Secondary,527126.0,2001
Gujarat,Male,Middle,791809.0,2001
Gujarat,Male,Non-technical diploma or certificate not equal to degree,2723.0,2001
Gujarat,Male,Primary,1454462.0,2001
Gujarat,Male,Technical diploma or certificate not equal to degree,43258.0,2001
Gujarat,Male,Unclassified,2161.0,2001
Gujarat,Male,Illiterate,556777.0,2001
Gujarat,Male,Literate,5466281.0,2001
Gujarat,Male,Population attending educational institutions,6023058.0,2001
Gujarat,Male,Total population,26385577.0,2001
Gujarat,Total,Below primary,4053324.0,2001
Gujarat,Total,Graduate & above,162179.0,2001
Gujarat,Total,Higher secondary/Intermediate/Pre-University/Senior secondary,491014.0,2001
Gujarat,Total,Literate without educational level,12731.0,2001
Gujarat,Total,Matric/Secondary,888746.0,2001
Gujarat,Total,Middle,1316338.0,2001
Gujarat,Total,Non-technical diploma or certificate not equal to degree,3514.0,2001
Gujarat,Total,Primary,2523530.0,2001
Gujarat,Total,Technical diploma or certificate not equal to degree,55322.0,2001
Gujarat,Total,Unclassified,2805.0,2001
Gujarat,Total,Illiterate,1043127.0,2001
Gujarat,Total,Literate,9509503.0,2001
Gujarat,Total,Population attending educational institutions,10552630.0,2001
Gujarat,Total,Total population,50671017.0,2001
Daman & Diu,Female,Below primary,4959.0,2001
Daman & Diu,Female,Graduate & above,106.0,2001
Daman & Diu,Female,Higher secondary/Intermediate/Pre-University/Senior secondary,440.0,2001
Daman & Diu,Female,Literate without educational level,9.0,2001
Daman & Diu,Female,Matric/Secondary,1023.0,2001
Daman & Diu,Female,Middle,1863.0,2001
Daman & Diu,Female,Non-technical diploma or certificate not equal to degree,2.0,2001
Daman & Diu,Female,Primary,3448.0,2001
Daman & Diu,Female,Technical diploma or certificate not equal to degree,37.0,2001
Daman & Diu,Female,Unclassified,0.0,2001
Daman & Diu,Female,Illiterate,1872.0,2001
Daman & Diu,Female,Literate,11887.0,2001
Daman & Diu,Female,Population attending educational institutions,13759.0,2001
Daman & Diu,Female,Total population,65692.0,2001
Daman & Diu,Male,Below primary,5699.0,2001
Daman & Diu,Male,Graduate & above,160.0,2001
Daman & Diu,Male,Higher secondary/Intermediate/Pre-University/Senior secondary,863.0,2001
Daman & Diu,Male,Literate without educational level,18.0,2001
Daman & Diu,Male,Matric/Secondary,1571.0,2001
Daman & Diu,Male,Middle,2267.0,2001
Daman & Diu,Male,Non-technical diploma or certificate not equal to degree,5.0,2001
Daman & Diu,Male,Primary,3993.0,2001
Daman & Diu,Male,Technical diploma or certificate not equal to degree,138.0,2001
Daman & Diu,Male,Unclassified,2.0,2001
Daman & Diu,Male,Illiterate,2036.0,2001
Daman & Diu,Male,Literate,14716.0,2001
Daman & Diu,Male,Population attending educational institutions,16752.0,2001
Daman & Diu,Male,Total population,92512.0,2001
Daman & Diu,Total,Below primary,10658.0,2001
Daman & Diu,Total,Graduate & above,266.0,2001
Daman & Diu,Total,Higher secondary/Intermediate/Pre-University/Senior secondary,1303.0,2001
Daman & Diu,Total,Literate without educational level,27.0,2001
Daman & Diu,Total,Matric/Secondary,2594.0,2001
Daman & Diu,Total,Middle,4130.0,2001
Daman & Diu,Total,Non-technical diploma or certificate not equal to degree,7.0,2001
Daman & Diu,Total,Primary,7441.0,2001
Daman & Diu,Total,Technical diploma or certificate not equal to degree,175.0,2001
Daman & Diu,Total,Unclassified,2.0,2001
Daman & Diu,Total,Illiterate,3908.0,2001
Daman & Diu,Total,Literate,26603.0,2001
Daman & Diu,Total,Population attending educational institutions,30511.0,2001
Daman & Diu,Total,Total population,158204.0,2001
D & N Haveli,Female,Below primary,6548.0,2001
D & N Haveli,Female,Graduate & above,104.0,2001
D & N Haveli,Female,Higher secondary/Intermediate/Pre-University/Senior secondary,360.0,2001
D & N Haveli,Female,Literate without educational level,23.0,2001
D & N Haveli,Female,Matric/Secondary,809.0,2001
D & N Haveli,Female,Middle,1460.0,2001
D & N Haveli,Female,Non-technical diploma or certificate not equal to degree,6.0,2001
D & N Haveli,Female,Primary,3653.0,2001
D & N Haveli,Female,Technical diploma or certificate not equal to degree,74.0,2001
D & N Haveli,Female,Unclassified,0.0,2001
D & N Haveli,Female,Illiterate,2467.0,2001
D & N Haveli,Female,Literate,13037.0,2001
D & N Haveli,Female,Population attending educational institutions,15504.0,2001
D & N Haveli,Female,Total population,98824.0,2001
D & N Haveli,Male,Below primary,8564.0,2001
D & N Haveli,Male,Graduate & above,172.0,2001
D & N Haveli,Male,Higher secondary/Intermediate/Pre-University/Senior secondary,556.0,2001
D & N Haveli,Male,Literate without educational level,26.0,2001
D & N Haveli,Male,Matric/Secondary,1210.0,2001
D & N Haveli,Male,Middle,2400.0,2001
D & N Haveli,Male,Non-technical diploma or certificate not equal to degree,17.0,2001
D & N Haveli,Male,Primary,5765.0,2001
D & N Haveli,Male,Technical diploma or certificate not equal to degree,213.0,2001
D & N Haveli,Male,Unclassified,2.0,2001
D & N Haveli,Male,Illiterate,2858.0,2001
D & N Haveli,Male,Literate,18925.0,2001
D & N Haveli,Male,Population attending educational institutions,21783.0,2001
D & N Haveli,Male,Total population,121666.0,2001
D & N Haveli,Total,Below primary,15112.0,2001
D & N Haveli,Total,Graduate & above,276.0,2001
D & N Haveli,Total,Higher secondary/Intermediate/Pre-University/Senior secondary,916.0,2001
D & N Haveli,Total,Literate without educational level,49.0,2001
D & N Haveli,Total,Matric/Secondary,2019.0,2001
D & N Haveli,Total,Middle,3860.0,2001
D & N Haveli,Total,Non-technical diploma or certificate not equal to degree,23.0,2001
D & N Haveli,Total,Primary,9418.0,2001
D & N Haveli,Total,Technical diploma or certificate not equal to degree,287.0,2001
D & N Haveli,Total,Unclassified,2.0,2001
D & N Haveli,Total,Illiterate,5325.0,2001
D & N Haveli,Total,Literate,31962.0,2001
D & N Haveli,Total,Population attending educational institutions,37287.0,2001
D & N Haveli,Total,Total population,220490.0,2001
Maharashtra,Female,Below primary,3780191.0,2001
Maharashtra,Female,Graduate & above,166882.0,2001
Maharashtra,Female,Higher secondary/Intermediate/Pre-University/Senior secondary,557633.0,2001
Maharashtra,Female,Literate without educational level,57733.0,2001
Maharashtra,Female,Matric/Secondary,912024.0,2001
Maharashtra,Female,Middle,1405376.0,2001
Maharashtra,Female,Non-technical diploma or certificate not equal to degree,1160.0,2001
Maharashtra,Female,Primary,2894000.0,2001
Maharashtra,Female,Technical diploma or certificate not equal to degree,16703.0,2001
Maharashtra,Female,Unclassified,35.0,2001
Maharashtra,Female,Illiterate,1178106.0,2001
Maharashtra,Female,Literate,9791737.0,2001
Maharashtra,Female,Population attending educational institutions,10969843.0,2001
Maharashtra,Female,Total population,46478031.0,2001
Maharashtra,Male,Below primary,4230536.0,2001
Maharashtra,Male,Graduate & above,347223.0,2001
Maharashtra,Male,Higher secondary/Intermediate/Pre-University/Senior secondary,947955.0,2001
Maharashtra,Male,Literate without educational level,51051.0,2001
Maharashtra,Male,Matric/Secondary,1377811.0,2001
Maharashtra,Male,Middle,1847546.0,2001
Maharashtra,Male,Non-technical diploma or certificate not equal to degree,1752.0,2001
Maharashtra,Male,Primary,3399787.0,2001
Maharashtra,Male,Technical diploma or certificate not equal to degree,78103.0,2001
Maharashtra,Male,Unclassified,47.0,2001
Maharashtra,Male,Illiterate,1186551.0,2001
Maharashtra,Male,Literate,12281811.0,2001
Maharashtra,Male,Population attending educational institutions,13468362.0,2001
Maharashtra,Male,Total population,50400596.0,2001
Maharashtra,Total,Below primary,8010727.0,2001
Maharashtra,Total,Graduate & above,514105.0,2001
Maharashtra,Total,Higher secondary/Intermediate/Pre-University/Senior secondary,1505588.0,2001
Maharashtra,Total,Literate without educational level,108784.0,2001
Maharashtra,Total,Matric/Secondary,2289835.0,2001
Maharashtra,Total,Middle,3252922.0,2001
Maharashtra,Total,Non-technical diploma or certificate not equal to degree,2912.0,2001
Maharashtra,Total,Primary,6293787.0,2001
Maharashtra,Total,Technical diploma or certificate not equal to degree,94806.0,2001
Maharashtra,Total,Unclassified,82.0,2001
Maharashtra,Total,Illiterate,2364657.0,2001
Maharashtra,Total,Literate,22073548.0,2001
Maharashtra,Total,Population attending educational institutions,24438205.0,2001
Maharashtra,Total,Total population,96878627.0,2001
Andhra Pradesh,Female,Below primary,2762981.0,2001
Andhra Pradesh,Female,Graduate & above,112344.0,2001
Andhra Pradesh,Female,Higher secondary/Intermediate/Pre-University/Senior secondary,342632.0,2001
Andhra Pradesh,Female,Literate without educational level,86038.0,2001
Andhra Pradesh,Female,Matric/Secondary,567703.0,2001
Andhra Pradesh,Female,Middle,800617.0,2001
Andhra Pradesh,Female,Non-technical diploma or certificate not equal to degree,2355.0,2001
Andhra Pradesh,Female,Primary,1772467.0,2001
Andhra Pradesh,Female,Technical diploma or certificate not equal to degree,11339.0,2001
Andhra Pradesh,Female,Unclassified,683.0,2001
Andhra Pradesh,Female,Illiterate,1386969.0,2001
Andhra Pradesh,Female,Literate,6459159.0,2001
Andhra Pradesh,Female,Population attending educational institutions,7846128.0,2001
Andhra Pradesh,Female,Total population,37682594.0,2001
Andhra Pradesh,Male,Below primary,3074498.0,2001
Andhra Pradesh,Male,Graduate & above,311122.0,2001
Andhra Pradesh,Male,Higher secondary/Intermediate/Pre-University/Senior secondary,620781.0,2001
Andhra Pradesh,Male,Literate without educational level,49780.0,2001
Andhra Pradesh,Male,Matric/Secondary,873646.0,2001
Andhra Pradesh,Male,Middle,1106130.0,2001
Andhra Pradesh,Male,Non-technical diploma or certificate not equal to degree,7681.0,2001
Andhra Pradesh,Male,Primary,2229344.0,2001
Andhra Pradesh,Male,Technical diploma or certificate not equal to degree,63573.0,2001
Andhra Pradesh,Male,Unclassified,943.0,2001
Andhra Pradesh,Male,Illiterate,1332032.0,2001
Andhra Pradesh,Male,Literate,8337498.0,2001
Andhra Pradesh,Male,Population attending educational institutions,9669530.0,2001
Andhra Pradesh,Male,Total population,38527413.0,2001
Andhra Pradesh,Total,Below primary,5837479.0,2001
Andhra Pradesh,Total,Graduate & above,423466.0,2001
Andhra Pradesh,Total,Higher secondary/Intermediate/Pre-University/Senior secondary,963413.0,2001
Andhra Pradesh,Total,Literate without educational level,135818.0,2001
Andhra Pradesh,Total,Matric/Secondary,1441349.0,2001
Andhra Pradesh,Total,Middle,1906747.0,2001
Andhra Pradesh,Total,Non-technical diploma or certificate not equal to degree,10036.0,2001
Andhra Pradesh,Total,Primary,4001811.0,2001
Andhra Pradesh,Total,Technical diploma or certificate not equal to degree,74912.0,2001
Andhra Pradesh,Total,Unclassified,1626.0,2001
Andhra Pradesh,Total,Illiterate,2719001.0,2001
Andhra Pradesh,Total,Literate,14796657.0,2001
Andhra Pradesh,Total,Population attending educational institutions,17515658.0,2001
Andhra Pradesh,Total,Total population,76210007.0,2001
Karnataka,Female,Below primary,1976901.0,2001
Karnataka,Female,Graduate & above,65247.0,2001
Karnataka,Female,Higher secondary/Intermediate/Pre-University/Senior secondary,237641.0,2001
Karnataka,Female,Literate without educational level,9132.0,2001
Karnataka,Female,Matric/Secondary,385229.0,2001
Karnataka,Female,Middle,622632.0,2001
Karnataka,Female,Non-technical diploma or certificate not equal to degree,3169.0,2001
Karnataka,Female,Primary,1320660.0,2001
Karnataka,Female,Technical diploma or certificate not equal to degree,14270.0,2001
Karnataka,Female,Unclassified,5.0,2001
Karnataka,Female,Illiterate,479830.0,2001
Karnataka,Female,Literate,4634886.0,2001
Karnataka,Female,Population attending educational institutions,5114716.0,2001
Karnataka,Female,Total population,25951644.0,2001
Karnataka,Male,Below primary,2194213.0,2001
Karnataka,Male,Graduate & above,158842.0,2001
Karnataka,Male,Higher secondary/Intermediate/Pre-University/Senior secondary,371411.0,2001
Karnataka,Male,Literate without educational level,19792.0,2001
Karnataka,Male,Matric/Secondary,539716.0,2001
Karnataka,Male,Middle,802426.0,2001
Karnataka,Male,Non-technical diploma or certificate not equal to degree,9890.0,2001
Karnataka,Male,Primary,1566191.0,2001
Karnataka,Male,Technical diploma or certificate not equal to degree,56062.0,2001
Karnataka,Male,Unclassified,5.0,2001
Karnataka,Male,Illiterate,480932.0,2001
Karnataka,Male,Literate,5718548.0,2001
Karnataka,Male,Population attending educational institutions,6199480.0,2001
Karnataka,Male,Total population,26898918.0,2001
Karnataka,Total,Below primary,4171114.0,2001
Karnataka,Total,Graduate & above,224089.0,2001
Karnataka,Total,Higher secondary/Intermediate/Pre-University/Senior secondary,609052.0,2001
Karnataka,Total,Literate without educational level,28924.0,2001
Karnataka,Total,Matric/Secondary,924945.0,2001
Karnataka,Total,Middle,1425058.0,2001
Karnataka,Total,Non-technical diploma or certificate not equal to degree,13059.0,2001
Karnataka,Total,Primary,2886851.0,2001
Karnataka,Total,Technical diploma or certificate not equal to degree,70332.0,2001
Karnataka,Total,Unclassified,10.0,2001
Karnataka,Total,Illiterate,960762.0,2001
Karnataka,Total,Literate,10353434.0,2001
Karnataka,Total,Population attending educational institutions,11314196.0,2001
Karnataka,Total,Total population,52850562.0,2001
Goa,Female,Below primary,38596.0,2001
Goa,Female,Graduate & above,2938.0,2001
Goa,Female,Higher secondary/Intermediate/Pre-University/Senior secondary,11088.0,2001
Goa,Female,Literate without educational level,133.0,2001
Goa,Female,Matric/Secondary,14522.0,2001
Goa,Female,Middle,22107.0,2001
Goa,Female,Non-technical diploma or certificate not equal to degree,21.0,2001
Goa,Female,Primary,33658.0,2001
Goa,Female,Technical diploma or certificate not equal to degree,434.0,2001
Goa,Female,Unclassified,0.0,2001
Goa,Female,Illiterate,15326.0,2001
Goa,Female,Literate,123497.0,2001
Goa,Female,Population attending educational institutions,138823.0,2001
Goa,Female,Total population,660420.0,2001
Goa,Male,Below primary,42014.0,2001
Goa,Male,Graduate & above,3170.0,2001
Goa,Male,Higher secondary/Intermediate/Pre-University/Senior secondary,12491.0,2001
Goa,Male,Literate without educational level,240.0,2001
Goa,Male,Matric/Secondary,16741.0,2001
Goa,Male,Middle,24662.0,2001
Goa,Male,Non-technical diploma or certificate not equal to degree,33.0,2001
Goa,Male,Primary,38239.0,2001
Goa,Male,Technical diploma or certificate not equal to degree,1663.0,2001
Goa,Male,Unclassified,0.0,2001
Goa,Male,Illiterate,15446.0,2001
Goa,Male,Literate,139253.0,2001
Goa,Male,Population attending educational institutions,154699.0,2001
Goa,Male,Total population,687248.0,2001
Goa,Total,Below primary,80610.0,2001
Goa,Total,Graduate & above,6108.0,2001
Goa,Total,Higher secondary/Intermediate/Pre-University/Senior secondary,23579.0,2001
Goa,Total,Literate without educational level,373.0,2001
Goa,Total,Matric/Secondary,31263.0,2001
Goa,Total,Middle,46769.0,2001
Goa,Total,Non-technical diploma or certificate not equal to degree,54.0,2001
Goa,Total,Primary,71897.0,2001
Goa,Total,Technical diploma or certificate not equal to degree,2097.0,2001
Goa,Total,Unclassified,0.0,2001
Goa,Total,Illiterate,30772.0,2001
Goa,Total,Literate,262750.0,2001
Goa,Total,Population attending educational institutions,293522.0,2001
Goa,Total,Total population,1347668.0,2001
Lakshadweep,Female,Below primary,2646.0,2001
Lakshadweep,Female,Graduate & above,12.0,2001
Lakshadweep,Female,Higher secondary/Intermediate/Pre-University/Senior secondary,20.0,2001
Lakshadweep,Female,Literate without educational level,13.0,2001
Lakshadweep,Female,Matric/Secondary,368.0,2001
Lakshadweep,Female,Middle,1196.0,2001
Lakshadweep,Female,Non-technical diploma or certificate not equal to degree,3.0,2001
Lakshadweep,Female,Primary,2221.0,2001
Lakshadweep,Female,Technical diploma or certificate not equal to degree,3.0,2001
Lakshadweep,Female,Unclassified,0.0,2001
Lakshadweep,Female,Illiterate,1332.0,2001
Lakshadweep,Female,Literate,6482.0,2001
Lakshadweep,Female,Population attending educational institutions,7814.0,2001
Lakshadweep,Female,Total population,29519.0,2001
Lakshadweep,Male,Below primary,3273.0,2001
Lakshadweep,Male,Graduate & above,26.0,2001
Lakshadweep,Male,Higher secondary/Intermediate/Pre-University/Senior secondary,57.0,2001
Lakshadweep,Male,Literate without educational level,10.0,2001
Lakshadweep,Male,Matric/Secondary,462.0,2001
Lakshadweep,Male,Middle,1325.0,2001
Lakshadweep,Male,Non-technical diploma or certificate not equal to degree,1.0,2001
Lakshadweep,Male,Primary,2671.0,2001
Lakshadweep,Male,Technical diploma or certificate not equal to degree,3.0,2001
Lakshadweep,Male,Unclassified,1.0,2001
Lakshadweep,Male,Illiterate,1423.0,2001
Lakshadweep,Male,Literate,7829.0,2001
Lakshadweep,Male,Population attending educational institutions,9252.0,2001
Lakshadweep,Male,Total population,31131.0,2001
Lakshadweep,Total,Below primary,5919.0,2001
Lakshadweep,Total,Graduate & above,38.0,2001
Lakshadweep,Total,Higher secondary/Intermediate/Pre-University/Senior secondary,77.0,2001
Lakshadweep,Total,Literate without educational level,23.0,2001
Lakshadweep,Total,Matric/Secondary,830.0,2001
Lakshadweep,Total,Middle,2521.0,2001
Lakshadweep,Total,Non-technical diploma or certificate not equal to degree,4.0,2001
Lakshadweep,Total,Primary,4892.0,2001
Lakshadweep,Total,Technical diploma or certificate not equal to degree,6.0,2001
Lakshadweep,Total,Unclassified,1.0,2001
Lakshadweep,Total,Illiterate,2755.0,2001
Lakshadweep,Total,Literate,14311.0,2001
Lakshadweep,Total,Population attending educational institutions,17066.0,2001
Lakshadweep,Total,Total population,60650.0,2001
Kerala,Female,Below primary,931532.0,2001
Kerala,Female,Graduate & above,88059.0,2001
Kerala,Female,Higher secondary/Intermediate/Pre-University/Senior secondary,284195.0,2001
Kerala,Female,Literate without educational level,5487.0,2001
Kerala,Female,Matric/Secondary,418582.0,2001
Kerala,Female,Middle,631214.0,2001
Kerala,Female,Non-technical diploma or certificate not equal to degree,1474.0,2001
Kerala,Female,Primary,869709.0,2001
Kerala,Female,Technical diploma or certificate not equal to degree,19016.0,2001
Kerala,Female,Unclassified,29.0,2001
Kerala,Female,Illiterate,404281.0,2001
Kerala,Female,Literate,3249297.0,2001
Kerala,Female,Population attending educational institutions,3653578.0,2001
Kerala,Female,Total population,16372760.0,2001
Kerala,Male,Below primary,1012488.0,2001
Kerala,Male,Graduate & above,78584.0,2001
Kerala,Male,Higher secondary/Intermediate/Pre-University/Senior secondary,215751.0,2001
Kerala,Male,Literate without educational level,6445.0,2001
Kerala,Male,Matric/Secondary,381509.0,2001
Kerala,Male,Middle,658944.0,2001
Kerala,Male,Non-technical diploma or certificate not equal to degree,1046.0,2001
Kerala,Male,Primary,959495.0,2001
Kerala,Male,Technical diploma or certificate not equal to degree,42767.0,2001
Kerala,Male,Unclassified,67.0,2001
Kerala,Male,Illiterate,411566.0,2001
Kerala,Male,Literate,3357096.0,2001
Kerala,Male,Population attending educational institutions,3768662.0,2001
Kerala,Male,Total population,15468614.0,2001
Kerala,Total,Below primary,1944020.0,2001
Kerala,Total,Graduate & above,166643.0,2001
Kerala,Total,Higher secondary/Intermediate/Pre-University/Senior secondary,499946.0,2001
Kerala,Total,Literate without educational level,11932.0,2001
Kerala,Total,Matric/Secondary,800091.0,2001
Kerala,Total,Middle,1290158.0,2001
Kerala,Total,Non-technical diploma or certificate not equal to degree,2520.0,2001
Kerala,Total,Primary,1829204.0,2001
Kerala,Total,Technical diploma or certificate not equal to degree,61783.0,2001
Kerala,Total,Unclassified,96.0,2001
Kerala,Total,Illiterate,815847.0,2001
Kerala,Total,Literate,6606393.0,2001
Kerala,Total,Population attending educational institutions,7422240.0,2001
Kerala,Total,Total population,31841374.0,2001
Tamil Nadu,Female,Below primary,1746644.0,2001
Tamil Nadu,Female,Graduate & above,100488.0,2001
Tamil Nadu,Female,Higher secondary/Intermediate/Pre-University/Senior secondary,280987.0,2001
Tamil Nadu,Female,Literate without educational level,53034.0,2001
Tamil Nadu,Female,Matric/Secondary,563700.0,2001
Tamil Nadu,Female,Middle,922597.0,2001
Tamil Nadu,Female,Non-technical diploma or certificate not equal to degree,1790.0,2001
Tamil Nadu,Female,Primary,1702757.0,2001
Tamil Nadu,Female,Technical diploma or certificate not equal to degree,12746.0,2001
Tamil Nadu,Female,Unclassified,54.0,2001
Tamil Nadu,Female,Illiterate,1023655.0,2001
Tamil Nadu,Female,Literate,5384797.0,2001
Tamil Nadu,Female,Population attending educational institutions,6408452.0,2001
Tamil Nadu,Female,Total population,31004770.0,2001
Tamil Nadu,Male,Below primary,1929954.0,2001
Tamil Nadu,Male,Graduate & above,162759.0,2001
Tamil Nadu,Male,Higher secondary/Intermediate/Pre-University/Senior secondary,321901.0,2001
Tamil Nadu,Male,Literate without educational level,77473.0,2001
Tamil Nadu,Male,Matric/Secondary,651609.0,2001
Tamil Nadu,Male,Middle,1002959.0,2001
Tamil Nadu,Male,Non-technical diploma or certificate not equal to degree,5236.0,2001
Tamil Nadu,Male,Primary,1902355.0,2001
Tamil Nadu,Male,Technical diploma or certificate not equal to degree,66749.0,2001
Tamil Nadu,Male,Unclassified,124.0,2001
Tamil Nadu,Male,Illiterate,1058736.0,2001
Tamil Nadu,Male,Literate,6121119.0,2001
Tamil Nadu,Male,Population attending educational institutions,7179855.0,2001
Tamil Nadu,Male,Total population,31400909.0,2001
Tamil Nadu,Total,Below primary,3676598.0,2001
Tamil Nadu,Total,Graduate & above,263247.0,2001
Tamil Nadu,Total,Higher secondary/Intermediate/Pre-University/Senior secondary,602888.0,2001
Tamil Nadu,Total,Literate without educational level,130507.0,2001
Tamil Nadu,Total,Matric/Secondary,1215309.0,2001
Tamil Nadu,Total,Middle,1925556.0,2001
Tamil Nadu,Total,Non-technical diploma or certificate not equal to degree,7026.0,2001
Tamil Nadu,Total,Primary,3605112.0,2001
Tamil Nadu,Total,Technical diploma or certificate not equal to degree,79495.0,2001
Tamil Nadu,Total,Unclassified,178.0,2001
Tamil Nadu,Total,Illiterate,2082391.0,2001
Tamil Nadu,Total,Literate,11505916.0,2001
Tamil Nadu,Total,Population attending educational institutions,13588307.0,2001
Tamil Nadu,Total,Total population,62405679.0,2001
Puducherry,Female,Below primary,28115.0,2001
Puducherry,Female,Graduate & above,3613.0,2001
Puducherry,Female,Higher secondary/Intermediate/Pre-University/Senior secondary,7445.0,2001
Puducherry,Female,Literate without educational level,150.0,2001
Puducherry,Female,Matric/Secondary,10686.0,2001
Puducherry,Female,Middle,16372.0,2001
Puducherry,Female,Non-technical diploma or certificate not equal to degree,49.0,2001
Puducherry,Female,Primary,28655.0,2001
Puducherry,Female,Technical diploma or certificate not equal to degree,464.0,2001
Puducherry,Female,Unclassified,0.0,2001
Puducherry,Female,Illiterate,19500.0,2001
Puducherry,Female,Literate,95549.0,2001
Puducherry,Female,Population attending educational institutions,115049.0,2001
Puducherry,Female,Total population,487384.0,2001
Puducherry,Male,Below primary,30858.0,2001
Puducherry,Male,Graduate & above,6214.0,2001
Puducherry,Male,Higher secondary/Intermediate/Pre-University/Senior secondary,8510.0,2001
Puducherry,Male,Literate without educational level,244.0,2001
Puducherry,Male,Matric/Secondary,12081.0,2001
Puducherry,Male,Middle,17771.0,2001
Puducherry,Male,Non-technical diploma or certificate not equal to degree,97.0,2001
Puducherry,Male,Primary,30522.0,2001
Puducherry,Male,Technical diploma or certificate not equal to degree,1812.0,2001
Puducherry,Male,Unclassified,0.0,2001
Puducherry,Male,Illiterate,20270.0,2001
Puducherry,Male,Literate,108109.0,2001
Puducherry,Male,Population attending educational institutions,128379.0,2001
Puducherry,Male,Total population,486961.0,2001
Puducherry,Total,Below primary,58973.0,2001
Puducherry,Total,Graduate & above,9827.0,2001
Puducherry,Total,Higher secondary/Intermediate/Pre-University/Senior secondary,15955.0,2001
Puducherry,Total,Literate without educational level,394.0,2001
Puducherry,Total,Matric/Secondary,22767.0,2001
Puducherry,Total,Middle,34143.0,2001
Puducherry,Total,Non-technical diploma or certificate not equal to degree,146.0,2001
Puducherry,Total,Primary,59177.0,2001
Puducherry,Total,Technical diploma or certificate not equal to degree,2276.0,2001
Puducherry,Total,Unclassified,0.0,2001
Puducherry,Total,Illiterate,39770.0,2001
Puducherry,Total,Literate,203658.0,2001
Puducherry,Total,Population attending educational institutions,243428.0,2001
Puducherry,Total,Total population,974345.0,2001
A & N Islands,Female,Below primary,13749.0,2001
A & N Islands,Female,Graduate & above,561.0,2001
A & N Islands,Female,Higher secondary/Intermediate/Pre-University/Senior secondary,1565.0,2001
A & N Islands,Female,Literate without educational level,46.0,2001
A & N Islands,Female,Matric/Secondary,3625.0,2001
A & N Islands,Female,Middle,6835.0,2001
A & N Islands,Female,Non-technical diploma or certificate not equal to degree,2.0,2001
A & N Islands,Female,Primary,10739.0,2001
A & N Islands,Female,Technical diploma or certificate not equal to degree,125.0,2001
A & N Islands,Female,Unclassified,2.0,2001
A & N Islands,Female,Illiterate,4832.0,2001
A & N Islands,Female,Literate,37249.0,2001
A & N Islands,Female,Population attending educational institutions,42081.0,2001
A & N Islands,Female,Total population,163180.0,2001
A & N Islands,Male,Below primary,15148.0,2001
A & N Islands,Male,Graduate & above,676.0,2001
A & N Islands,Male,Higher secondary/Intermediate/Pre-University/Senior secondary,1794.0,2001
A & N Islands,Male,Literate without educational level,59.0,2001
A & N Islands,Male,Matric/Secondary,3927.0,2001
A & N Islands,Male,Middle,7416.0,2001
A & N Islands,Male,Non-technical diploma or certificate not equal to degree,5.0,2001
A & N Islands,Male,Primary,11958.0,2001
A & N Islands,Male,Technical diploma or certificate not equal to degree,168.0,2001
A & N Islands,Male,Unclassified,2.0,2001
A & N Islands,Male,Illiterate,5153.0,2001
A & N Islands,Male,Literate,41153.0,2001
A & N Islands,Male,Population attending educational institutions,46306.0,2001
A & N Islands,Male,Total population,192972.0,2001
A & N Islands,Total,Below primary,28897.0,2001
A & N Islands,Total,Graduate & above,1237.0,2001
A & N Islands,Total,Higher secondary/Intermediate/Pre-University/Senior secondary,3359.0,2001
A & N Islands,Total,Literate without educational level,105.0,2001
A & N Islands,Total,Matric/Secondary,7552.0,2001
A & N Islands,Total,Middle,14251.0,2001
A & N Islands,Total,Non-technical diploma or certificate not equal to degree,7.0,2001
A & N Islands,Total,Primary,22697.0,2001
A & N Islands,Total,Technical diploma or certificate not equal to degree,293.0,2001
A & N Islands,Total,Unclassified,4.0,2001
A & N Islands,Total,Illiterate,9985.0,2001
A & N Islands,Total,Literate,78402.0,2001
A & N Islands,Total,Population attending educational institutions,88387.0,2001
A & N Islands,Total,Total population,356152.0,2001
